experiment,experiment_name,session,box,mouse_id,shave_pattern,role,housing
1,hab,hab2a,1,GH1,backshave,resident,GH
1,hab,hab2a,1,GH1_littermate,noshave,littermate,GH
1,hab,hab2a,2,GH2,backshave,resident,GH
1,hab,hab2a,2,GH2_littermate,noshave,littermate,GH
1,hab,hab2a,3,GH3,backshave,resident,GH
1,hab,hab2a,3,GH3_littermate,noshave,littermate,GH
1,hab,hab2a,4,GH4,backshave,resident,GH
1,hab,hab2a,4,GH4_littermate,noshave,littermate,GH
1,hab,hab2b,1,GH5,backshave,resident,GH
1,hab,hab2b,1,GH5_littermate,noshave,littermate,GH
1,hab,hab2b,2,GH6,backshave,resident,GH
1,hab,hab2b,2,GH6_littermate,noshave,littermate,GH
1,hab,hab2b,3,GH7,backshave,resident,GH
1,hab,hab2b,3,GH7_littermate,noshave,littermate,GH
1,hab,hab2b,4,GH8,backshave,resident,GH
1,hab,hab2b,4,GH8_littermate,noshave,littermate,GH
1,hab,hab2c,1,GH9,backshave,resident,GH
1,hab,hab2c,1,GH9_littermate,noshave,littermate,GH
1,hab,hab2c,2,GH10,backshave,resident,GH
1,hab,hab2c,2,GH10_littermate,noshave,littermate,GH
2,test_day,test1a,1,SH1,headshave,resident,SH
2,test_day,test1a,1,novel_GH_intruder,noshave,intruder,GH
2,test_day,test1a,2,SH2,headshave,resident,SH
2,test_day,test1a,2,novel_GH_intruder,noshave,intruder,GH
2,test_day,test1a,3,SH3,headshave,resident,SH
2,test_day,test1a,3,novel_GH_intruder,noshave,intruder,GH
2,test_day,test1a,4,SH4,headshave,resident,SH
2,test_day,test1a,4,novel_GH_intruder,noshave,intruder,GH
2,test_day,test1b,1,SH6,headshave,resident,SH
2,test_day,test1b,1,novel_GH_intruder,noshave,intruder,GH
2,test_day,test1b,2,SH7,headshave,resident,SH
2,test_day,test1b,2,novel_GH_intruder,noshave,intruder,GH
2,test_day,test1b,3,SH8,headshave,resident,SH
2,test_day,test1b,3,novel_GH_intruder,noshave,intruder,GH
2,test_day,test1b,4,SH9,headshave,resident,SH
2,test_day,test1b,4,novel_GH_intruder,noshave,intruder,GH
2,test_day,test1c,1,SH10,headshave,resident,SH
2,test_day,test1c,1,novel_GH_intruder,noshave,intruder,GH
2,test_day,test1c,2,SH11,headshave,resident,SH
2,test_day,test1c,2,novel_GH_intruder,noshave,intruder,GH
2,test_day,test1c,3,SH12,headshave,resident,SH
2,test_day,test1c,3,novel_GH_intruder,noshave,intruder,GH
2,test_day,test1c,4,GH1,backshave,resident,GH
2,test_day,test1c,4,novel_GH_intruder,noshave,intruder,GH
2,test_day,test1d,1,GH2,backshave,resident,GH
2,test_day,test1d,1,novel_GH_intruder,noshave,intruder,GH
2,test_day,test1d,2,GH3,backshave,resident,GH
2,test_day,test1d,2,novel_GH_intruder,noshave,intruder,GH
2,test_day,test1d,3,GH4,backshave,resident,GH
2,test_day,test1d,3,novel_GH_intruder,noshave,intruder,GH
2,test_day,test1d,4,GH5,backshave,resident,GH
2,test_day,test1d,4,novel_GH_intruder,noshave,intruder,GH
2,test_day,test1e,1,GH6,backshave,resident,GH
2,test_day,test1e,1,novel_GH_intruder,noshave,intruder,GH
2,test_day,test1e,2,GH7,backshave,resident,GH
2,test_day,test1e,2,novel_GH_intruder,noshave,intruder,GH
2,test_day,test1e,3,GH8,backshave,resident,GH
2,test_day,test1e,3,novel_GH_intruder,noshave,intruder,GH
2,test_day,test1e,4,GH9,backshave,resident,GH
2,test_day,test1e,4,novel_GH_intruder,noshave,intruder,GH
2,test_day,test1f,1,GH10,backshave,resident,GH
2,test_day,test1f,1,novel_GH_intruder,noshave,intruder,GH
3,sh_intruder,HCGH_ISH1,1,GH1,backshave,resident,GH
3,sh_intruder,HCGH_ISH1,1,SH1,headshave,intruder,SH
3,sh_intruder,HCGH_ISH1,2,GH2,backshave,resident,GH
3,sh_intruder,HCGH_ISH1,2,SH2,headshave,intruder,SH
3,sh_intruder,HCGH_ISH1,3,GH3,backshave,resident,GH
3,sh_intruder,HCGH_ISH1,3,SH3,headshave,intruder,SH
3,sh_intruder,HCGH_ISH1,4,GH4,backshave,resident,GH
3,sh_intruder,HCGH_ISH1,4,SH4,headshave,intruder,SH
3,sh_intruder,HCGH_ISH2,1,GH5,backshave,resident,GH
3,sh_intruder,HCGH_ISH2,1,SH6,headshave,intruder,SH
3,sh_intruder,HCGH_ISH2,2,GH6,backshave,resident,GH
3,sh_intruder,HCGH_ISH2,2,SH7,headshave,intruder,SH
3,sh_intruder,HCGH_ISH2,3,GH7,backshave,resident,GH
3,sh_intruder,HCGH_ISH2,3,SH8,headshave,intruder,SH
3,sh_intruder,HCGH_ISH2,4,GH8,backshave,resident,GH
3,sh_intruder,HCGH_ISH2,4,SH9,headshave,intruder,SH
3,sh_intruder,HCGH_ISH3,1,GH10,backshave,resident,GH
3,sh_intruder,HCGH_ISH3,1,SH10,headshave,intruder,SH
3,sh_intruder,HCGH_ISH3,2,GH9,backshave,resident,GH
3,sh_intruder,HCGH_ISH3,2,SH11,headshave,intruder,SH
4,locomotion,loc1a,1,SH1,headshave,resident,SH
4,locomotion,loc1a,2,SH2,headshave,resident,SH
4,locomotion,loc1a,3,SH3,headshave,resident,SH
4,locomotion,loc1a,4,SH4,headshave,resident,SH
4,locomotion,loc1b,1,SH6,headshave,resident,SH
4,locomotion,loc1b,2,SH7,headshave,resident,SH
4,locomotion,loc1b,3,SH8,headshave,resident,SH
4,locomotion,loc1b,4,SH9,headshave,resident,SH
4,locomotion,loc1c,1,SH10,headshave,resident,SH
4,locomotion,loc1c,2,SH11,headshave,resident,SH
4,locomotion,loc1c,3,SH12,headshave,resident,SH
4,locomotion,loc1c,4,GH1,backshave,resident,GH
4,locomotion,loc1d,1,GH2,backshave,resident,GH
4,locomotion,loc1d,2,GH3,backshave,resident,GH
4,locomotion,loc1d,3,GH4,backshave,resident,GH
4,locomotion,loc1d,4,GH5,backshave,resident,GH
4,locomotion,loc1e,1,GH6,backshave,resident,GH
4,locomotion,loc1e,2,GH7,backshave,resident,GH
4,locomotion,loc1e,3,GH8,backshave,resident,GH
4,locomotion,loc1e,4,GH9,backshave,resident,GH
4,locomotion,loc1f,1,GH10,backshave,resident,GH
